
--                                                                                           All Data for the first table of the database


INSERT INTO `Organisations` (`Organisation_ID`,`Name`,`Vat_Number`,`CoC_Number`,`IBAN`,`Telephone_Number`,`Email`,`Contact_Person`) VALUES (1,"Catherine Marsh","33630546299","077760-2020","555 29716 01276 135","8607-7-79-20-19-29","nunc.risus.varius@necante.net","Summer"),
(2,"Aimee Barrera","05603820199","882934-9151","547 03089 90055 250","3172-7-57-20-27-83","Nunc.commodo.auctor@egettincidunt.com","Lars"),(3,"Salvador Carpenter","23739174599","435501-3311","532 75206 30209 270","7762-9-43-38-53-55","auctor.velit.eget@et.edu","Timon"),(4,"Roth Bush","00580634599","457679-9227","527 32396 90461 010","4638-2-86-36-59-82","risus@Phasellus.net","Herrod"),(5,"Blossom Dotson","98954538799","169627-3216","521 28214 44704 227","4741-9-46-26-21-57","dui@Donec.ca","Riley"),(6,"Shad Meadows","17606265199","447396-3777","529 42922 87758 731","1747-6-79-59-91-94","Nullam.scelerisque.neque@nascetur.org","Geraldine"),(7,"Giselle Riley","84547823699","512024-4180","521 48097 28197 430","8121-7-24-74-93-78","Nullam.velit.dui@volutpatornarefacilisis.co.uk","Rebekah"),(8,"Len Mccall","66387705899","052415-7716","559 51021 45710 343","1505-6-93-49-88-13","gravida.non.sollicitudin@risus.co.uk","Grant"),(9,"Aaron Calhoun","71858220099","325497-0621","512 39338 10261 084","6261-1-23-82-88-68","quis@tempusscelerisquelorem.ca","Suki"),(10,"Brynne Gamble","63790280399","025104-8807","549 33383 10016 826","8246-9-17-48-21-83","ligula.elit.pretium@metusAliquam.com","Jana");
INSERT INTO `Organisations` (`Organisation_ID`,`Name`,`Vat_Number`,`CoC_Number`,`IBAN`,`Telephone_Number`,`Email`,`Contact_Person`) VALUES (11,"Kamal Heath","45820633399","635064-6862","517 98821 82810 916","4447-4-33-48-32-31","eu.turpis@arcuVivamussit.net","Dana"),(12,"Quincy Knox","55953618799","763010-0662","519 59906 28793 651","7640-2-68-21-17-94","amet.consectetuer@Phasellus.net","Evangeline"),(13,"Kenneth Hodge","12210038299","164525-4424","536 24950 87392 497","1080-7-48-37-39-45","aliquet@erosProinultrices.net","Alec"),(14,"Otto Estrada","70441920099","408204-1452","513 57609 52626 238","6932-7-93-86-79-18","Vestibulum.ante@Duis.ca","Britanney"),(15,"Camille Reeves","63254325899","079054-1114","541 69053 00667 539","7082-7-50-61-43-79","ut@pharetra.org","Xavier"),(16,"Chaney Hill","97764576899","996551-2974","516 82470 34708 101","2665-8-55-64-68-10","ornare.libero.at@loremloremluctus.co.uk","Phoebe"),(17,"Rosalyn Perkins","65983596499","364565-2821","552 70642 05580 656","2434-4-56-35-17-75","Integer@vitaepurusgravida.co.uk","Stephanie"),(18,"Lunea Martin","63263394799","543618-6851","543 70691 08571 875","3552-4-74-65-85-36","tempor.erat@magnatellus.co.uk","Ella"),(19,"Linus Hensley","71487557699","544843-3564","522 52541 02058 568","3689-2-66-18-53-11","neque.pellentesque@accumsan.net","Cassidy"),(20,"Rhonda Bass","11587202999","857518-0214","536 01452 35633 381","2011-5-90-70-36-35","lobortis.risus.In@purusmaurisa.net","Josephine");
INSERT INTO `Organisations` (`Organisation_ID`,`Name`,`Vat_Number`,`CoC_Number`,`IBAN`,`Telephone_Number`,`Email`,`Contact_Person`) VALUES (21,"Myra Nolan","56277565099","039545-2113","517 15343 17765 048","3048-4-72-71-33-65","in@amagna.com","Amery"),(22,"Forrest Peters","25972141899","572163-4433","521 04430 16543 321","4829-7-72-70-65-72","dis.parturient@aaliquetvel.edu","Lacy"),(23,"Ira Clements","91337067199","463073-9060","551 51207 27307 327","6961-9-45-29-36-57","ultrices@Nullamvelit.com","Nomlanga"),(24,"Malachi Dodson","32665127399","352805-9771","541 44771 56559 907","8651-2-96-22-76-85","et.ipsum.cursus@faucibuslectus.net","Stephen"),(25,"Martin Haley","51617694499","338708-8739","529 59441 40953 391","8007-1-52-53-33-98","pede.et.risus@Suspendisseeleifend.co.uk","Reuben"),(26,"Hunter Meyers","21809358499","444093-0164","532 16286 55671 286","7160-9-18-45-76-68","tortor.nibh.sit@turpis.net","Leonard"),(27,"Upton Lang","06559870899","373442-2441","537 46044 16120 620","2011-9-51-30-97-46","Aenean.egestas.hendrerit@mauris.org","Alma"),(28,"Hamilton Hooper","01887374199","192381-1341","559 37156 67428 796","1747-7-81-20-76-78","rutrum@Maurisvestibulum.org","Howard"),(29,"Hu Poole","56592015099","047345-6044","534 60408 15469 604","7971-8-32-60-94-35","Mauris.quis@Sed.ca","Aiko"),(30,"Dai Grimes","68378056499","953377-1680","523 86313 63628 988","9794-7-25-30-22-35","volutpat@erat.edu","Troy");
INSERT INTO `Organisations` (`Organisation_ID`,`Name`,`Vat_Number`,`CoC_Number`,`IBAN`,`Telephone_Number`,`Email`,`Contact_Person`) VALUES (31,"Ashton Martinez","08732620999","963581-9585","559 16954 94452 205","1035-5-33-49-71-39","vestibulum.massa.rutrum@eu.net","Honorato"),(32,"Cynthia Sandoval","92240344299","594760-6355","518 91653 89156 525","2703-5-84-74-96-26","orci.lacus@sempererat.ca","Reese"),(33,"Xenos Maldonado","47537252599","803802-0957","526 44217 81187 602","7372-1-47-75-60-96","massa.non@turpisnecmauris.co.uk","Ahmed"),(34,"Sophia Fuentes","16946668999","408774-3540","516 20214 02104 250","6110-4-88-48-67-94","metus@Duis.ca","Germaine"),(35,"Hayley Simon","78270105399","827810-5658","545 01872 86184 857","7222-9-51-23-61-28","Aliquam@Etiam.edu","Eleanor"),(36,"Griffin Dominguez","15541256399","954687-1287","520 11079 74948 571","9679-7-51-89-90-28","amet@congueelitsed.org","Rogan"),(37,"Darrel Mercado","62966770399","916328-0309","536 17222 09594 879","3594-3-78-83-56-61","mauris.eu.elit@elementumsem.co.uk","Shaine"),(38,"Hiram Tucker","09772336799","302913-1459","519 47388 24222 822","2705-7-89-33-59-78","venenatis.vel@Donecluctusaliquet.org","Camilla"),(39,"Fletcher Beasley","57736423199","328590-9242","525 84798 14849 141","8233-4-12-51-86-27","tristique.ac@ornare.edu","Alyssa"),(40,"Zephania Lane","81728808299","937017-3958","545 80638 52014 012","7184-4-42-76-45-21","eros.non.enim@nunc.net","Griffith");
INSERT INTO `Organisations` (`Organisation_ID`,`Name`,`Vat_Number`,`CoC_Number`,`IBAN`,`Telephone_Number`,`Email`,`Contact_Person`) VALUES (41,"Hammett Romero","65899350099","977825-5670","546 00220 25073 863","5315-4-24-39-31-80","Nulla.interdum@Proindolor.co.uk","Kasper"),(42,"Ivor Shannon","10323088699","833450-0314","549 24412 30140 733","5397-8-68-79-51-57","Aliquam.ornare.libero@dui.ca","Reese"),(43,"Coby Mullins","86358062299","078143-3818","521 82325 06348 503","3345-6-10-94-21-33","ipsum@sollicitudincommodo.ca","Zelda"),(44,"Aphrodite Dotson","79305662699","839755-4240","553 37958 81907 216","3755-5-29-24-84-99","Phasellus.vitae@nonsapien.net","Asher"),(45,"Tobias Rollins","94746944499","609879-7126","532 93586 94735 205","4002-2-53-43-72-71","in@molestiearcuSed.org","Ora"),(46,"Melissa Hampton","23406573099","045853-4294","539 35700 92859 053","1649-5-63-68-42-21","erat.volutpat.Nulla@nibhPhasellusnulla.edu","Orson"),(47,"Quin Branch","69471647999","843846-1934","529 94468 58273 893","8629-6-46-93-31-13","erat.vitae.risus@tellussem.co.uk","Jelani"),(48,"Xaviera Buckley","63243702999","854890-6505","538 44663 08938 453","7536-8-61-71-56-84","sed.sapien@egestasrhoncus.ca","Charde"),(49,"Samantha Haley","87371669699","557604-1494","523 26892 78683 478","3761-8-97-75-24-49","id.mollis.nec@Sed.com","Ethan"),(50,"Ezra Guerrero","51957223999","364912-4520","549 31674 70331 141","2431-6-63-35-95-70","rutrum@Fuscemilorem.org","Fredericka");
INSERT INTO `Organisations` (`Organisation_ID`,`Name`,`Vat_Number`,`CoC_Number`,`IBAN`,`Telephone_Number`,`Email`,`Contact_Person`) VALUES (51,"Cruz Hurley","85886425899","053424-0940","521 78302 94090 954","6393-1-54-28-57-75","tempus.non@nuncnulla.net","Illiana"),(52,"Ulla Bean","75411455699","826437-5505","547 30997 38160 034","7782-9-23-13-84-51","sed.dolor@sitametdapibus.net","Isadora"),(53,"Curran Nicholson","67514829399","562351-8965","529 55201 13687 461","8683-5-36-25-64-76","nibh.vulputate.mauris@Donec.co.uk","Giselle"),(54,"Aurora Freeman","84475276999","052904-9983","510 02977 56882 510","3026-6-45-10-99-93","amet.risus@In.ca","Fiona"),(55,"Acton Abbott","09250308399","998897-7949","541 63167 40987 349","5007-9-81-40-11-12","Curabitur.consequat.lectus@DonecfringillaDonec.net","Aurelia"),(56,"Felicia Dodson","43736324699","602319-3649","546 50103 31388 484","3683-3-15-57-48-67","elit.fermentum.risus@aliquet.co.uk","Sasha"),(57,"Shad Vance","88823967399","575811-0273","546 25522 21650 575","8323-9-64-45-30-97","hymenaeos@magnis.com","Catherine"),(58,"Malik Gordon","06675131199","359055-8932","556 01008 18296 609","8751-8-39-61-76-68","tincidunt.aliquam@libero.co.uk","Maxwell"),(59,"Pamela Spence","46468006699","254886-0366","520 29185 08904 206","7351-6-52-18-48-64","interdum.feugiat.Sed@Donecnon.ca","Clio"),(60,"Kirk Irwin","85238348399","989172-0394","543 58568 43404 715","4961-3-76-49-28-61","nec.tempus.scelerisque@Mauris.ca","Ivana");
INSERT INTO `Organisations` (`Organisation_ID`,`Name`,`Vat_Number`,`CoC_Number`,`IBAN`,`Telephone_Number`,`Email`,`Contact_Person`) VALUES (61,"Quinn Sexton","04572703099","649412-8686","556 06650 15613 038","8041-3-57-99-19-81","Quisque.tincidunt@liberoettristique.co.uk","Tyrone"),(62,"Ora Mayer","55627517299","326516-9163","534 58295 55876 981","1209-1-43-54-27-57","dictum@urnajusto.com","Sheila"),(63,"Victor Bryant","19389210299","192846-1431","518 78712 22642 918","2743-6-99-26-68-71","suscipit.est.ac@duiFusce.net","Denise"),(64,"Keefe Greene","72465833799","573716-3831","529 23763 44090 071","8754-7-64-46-54-59","a.ultricies.adipiscing@necleoMorbi.org","Maggy"),(65,"Barclay Grant","35502581999","893635-7105","514 41646 88618 214","9590-6-60-78-92-66","sodales.at.velit@nullaIn.net","Gregory"),(66,"Asher Sandoval","53968862399","205763-8591","558 08558 14685 081","8456-8-83-71-11-83","magnis.dis.parturient@Aliquamfringillacursus.org","Aline"),(67,"Aimee Dickson","47405713299","525882-6295","528 05692 36220 558","4440-3-80-14-74-93","ultricies@arcuSed.edu","Adrienne"),(68,"Ignatius Dorsey","87619661799","093447-4289","557 71581 61698 806","6539-2-18-24-21-92","adipiscing.elit@Nullam.edu","Yuri"),(69,"Valentine Fox","31700513999","606724-7012","519 99836 15106 686","8127-6-19-99-69-43","est.mauris.rhoncus@Nullam.net","Harlan"),(70,"Ariana Pittman","59254010599","626554-0127","528 91218 00597 507","6538-7-61-33-43-55","In.faucibus@Ut.org","Salvador");
INSERT INTO `Organisations` (`Organisation_ID`,`Name`,`Vat_Number`,`CoC_Number`,`IBAN`,`Telephone_Number`,`Email`,`Contact_Person`) VALUES (71,"Dieter Mccormick","59434285199","678515-0712","556 55956 79153 226","6011-1-35-56-30-72","id@felis.org","Rigel"),(72,"Camille Maynard","79854407199","803739-0500","522 00042 22907 151","7367-1-50-42-58-65","ligula.elit.pretium@eget.ca","Yetta"),(73,"Alfonso Zamora","34294451199","679160-3522","541 82584 27385 801","6500-7-80-11-80-99","molestie.pharetra@ullamcorperDuis.net","Rashad"),(74,"Jillian Russell","84454587599","268348-6449","515 91587 08083 443","9192-1-38-65-82-24","dignissim@dignissim.co.uk","Shafira"),(75,"Ariana Wynn","93334689199","025232-6459","513 15494 42232 549","3562-1-34-24-83-32","eu.ultrices@montesnasceturridiculus.com","Blaze"),(76,"Herrod Phelps","15432810099","169320-0188","538 51525 90852 672","1303-1-24-27-42-18","lectus.rutrum@dapibusgravidaAliquam.ca","Timothy"),(77,"Barclay Stark","18368043199","644564-7958","514 23549 56807 936","2627-8-97-59-99-61","in.faucibus@dui.net","Anastasia"),(78,"Maxwell Macdonald","07217466899","473405-6007","515 64789 54639 562","3355-2-66-26-37-22","posuere.at.velit@etliberoProin.ca","Neve"),(79,"Darryl Wynn","15971615299","506531-2802","519 43002 28596 671","5324-6-16-41-17-36","Vivamus@risusat.ca","Chaim"),(80,"Keefe Cherry","35355617599","799208-1625","549 61327 67250 740","4387-4-33-28-78-21","vitae@sodaleselit.co.uk","Brian");
INSERT INTO `Organisations` (`Organisation_ID`,`Name`,`Vat_Number`,`CoC_Number`,`IBAN`,`Telephone_Number`,`Email`,`Contact_Person`) VALUES (81,"Dalton Flynn","34447805299","653763-9251","521 41321 61313 426","5779-1-18-74-16-91","morbi.tristique@cursus.co.uk","Jillian"),(82,"Brenna Buckley","18657313999","257206-8340","517 77861 15650 830","2944-7-66-37-42-70","magna.a.tortor@eget.net","Conan"),(83,"Daquan Robertson","87298699899","375405-3431","510 24063 47549 037","5332-8-45-64-94-78","a@euismod.ca","Remedios"),(84,"Rafael Yang","82519327099","493865-3468","550 28760 11506 156","5535-4-25-64-96-39","sed@magnisdisparturient.org","Noble"),(85,"Nina Wright","97262785599","803082-9058","533 32745 99731 302","6256-3-55-87-90-28","erat.Vivamus.nisi@quam.ca","Ishmael"),(86,"Ivan Fernandez","66354531399","087519-6669","515 19033 01435 013","6742-1-62-15-21-93","eu@loremvehiculaet.co.uk","Nigel"),(87,"Ina Mcconnell","77815194199","753803-3577","550 93997 01154 404","8458-3-45-37-92-28","ut.quam.vel@nonummyipsum.org","Garth"),(88,"Lynn Herman","49292352399","247761-6805","526 69966 22184 791","8156-4-46-51-56-35","non.quam@adipiscing.ca","Mark"),(89,"Colby Dillon","70700705999","439457-4703","539 54205 48179 714","9817-4-33-50-28-49","mi@dignissimpharetraNam.co.uk","Brent"),(90,"Daniel Henson","14607569899","525170-5207","546 53684 99770 210","1427-1-25-19-91-17","Duis@ligulaNullamfeugiat.com","Kuame");
INSERT INTO `Organisations` (`Organisation_ID`,`Name`,`Vat_Number`,`CoC_Number`,`IBAN`,`Telephone_Number`,`Email`,`Contact_Person`) VALUES (91,"Veda Newman","05403553299","833804-6702","550 96509 55007 494","8336-5-90-13-32-25","feugiat@consectetuer.com","Zeph"),(92,"Kennedy Terrell","59714601899","758488-5102","532 77838 75869 584","1332-7-23-98-66-71","Etiam@Quisque.org","Geoffrey"),(93,"Daphne Burke","48478736799","075457-3012","551 88647 87235 442","4796-6-55-33-26-10","non.enim@duiquisaccumsan.co.uk","Rogan"),(94,"Kimberly Burns","14892770899","863762-0678","513 45117 71027 079","3053-4-41-12-22-37","Ut@a.org","Emi"),(95,"Nissim Church","06432720099","844773-9213","549 43524 45482 307","5153-7-43-50-22-68","In.faucibus.Morbi@tellusSuspendissesed.org","Indigo"),(96,"Caldwell Yang","77821189699","984162-8036","519 88739 59019 135","4804-1-74-36-42-54","enim.Curabitur.massa@egestasa.ca","Briar"),(97,"Gray Wilder","39700010899","768701-5391","535 49071 34738 571","9114-9-40-22-66-89","malesuada.ut.sem@risusDonec.ca","Evelyn"),(98,"Colton Herrera","98213016099","379222-4275","557 88083 18777 924","9088-9-87-52-63-90","at.libero@Sed.ca","Meredith"),(99,"Kristen Greene","08203866299","112838-0605","545 70569 99432 817","1961-6-87-65-66-81","quis.urna.Nunc@temporlorem.co.uk","Maggy"),(100,"Quin Nixon","54599333499","914996-4851","533 28598 58358 481","6291-7-59-18-47-50","tempor.bibendum@sitamet.co.uk","Jelani");








--                                                                                           All Data for the first table of the database

INSERT INTO Festivals (Organisation_ID, Festival_ID, Name, Genre, Start_Date, End_Date, Capacity, Score, Price) VALUES (1, 1, 'Captopril', 'House', '6/5/2018', '1/3/2019', 2382, 1, 71.25);
INSERT INTO Festivals (Organisation_ID, Festival_ID, Name, Genre, Start_Date, End_Date, Capacity, Score, Price) VALUES (2, 2, 'Doxepin Hydrochloride', 'Reggae', '7/5/2018', '1/2/2019', 8503, 6, 65.8);
INSERT INTO Festivals (Organisation_ID, Festival_ID, Name, Genre, Start_Date, End_Date, Capacity, Score, Price) VALUES (3, 3, 'Tahitian Noni Lip Balm Pineapple', 'Reggae', '4/25/2018', '1/4/2019', 9606, 9, 19.02);
INSERT INTO Festivals (Organisation_ID, Festival_ID, Name, Genre, Start_Date, End_Date, Capacity, Score, Price) VALUES (4, 4, 'Nitrogen', 'Jazz', '9/26/2018', '1/3/2019', 813, 10, 65.61);
INSERT INTO Festivals (Organisation_ID, Festival_ID, Name, Genre, Start_Date, End_Date, Capacity, Score, Price) VALUES (5, 5, 'Nivea A Kiss of Smoothness Lip Care', 'House', '2/16/2018', '1/4/2019', 4028, 9, 2.82);
INSERT INTO Festivals (Organisation_ID, Festival_ID, Name, Genre, Start_Date, End_Date, Capacity, Score, Price) VALUES (6, 6, 'Temazepam', 'Reggae', '2/3/2018', '1/2/2019', 6216, 3, 94.06);
INSERT INTO Festivals (Organisation_ID, Festival_ID, Name, Genre, Start_Date, End_Date, Capacity, Score, Price) VALUES (7, 7, 'Feminine Comfort', 'Reggae', '5/20/2018', '1/2/2019', 536, 5, 5.23);
INSERT INTO Festivals (Organisation_ID, Festival_ID, Name, Genre, Start_Date, End_Date, Capacity, Score, Price) VALUES (8, 8, 'Triticum Cerebri', 'Reggae', '9/8/2018', '1/4/2019', 9122, 4, 5.32);
INSERT INTO Festivals (Organisation_ID, Festival_ID, Name, Genre, Start_Date, End_Date, Capacity, Score, Price) VALUES (9, 9, 'Gas Relief Ultra Strength', 'Jazz', '8/28/2018', '1/2/2019', 5500, 9, 96.14);
INSERT INTO Festivals (Organisation_ID, Festival_ID, Name, Genre, Start_Date, End_Date, Capacity, Score, Price) VALUES (10, 10, 'Halls', 'House', '3/8/2018', '1/3/2019', 3168, 6, 51.38);
INSERT INTO Festivals (Organisation_ID, Festival_ID, Name, Genre, Start_Date, End_Date, Capacity, Score, Price) VALUES (11, 11, 'Banana Boat Sport SPF 30', 'Jazz', '1/16/2018', '1/4/2019', 2639, 4, 94.91);
INSERT INTO Festivals (Organisation_ID, Festival_ID, Name, Genre, Start_Date, End_Date, Capacity, Score, Price) VALUES (12, 12, 'Cardene IV', 'House', '6/9/2018', '1/2/2019', 6229, 3, 22.95);
INSERT INTO Festivals (Organisation_ID, Festival_ID, Name, Genre, Start_Date, End_Date, Capacity, Score, Price) VALUES (13, 13, 'Treatment Set TS330718', 'Reggae', '7/24/2018', '1/2/2019', 7308, 6, 46.9);
INSERT INTO Festivals (Organisation_ID, Festival_ID, Name, Genre, Start_Date, End_Date, Capacity, Score, Price) VALUES (14, 14, 'PreNatal 19', 'Jazz', '12/5/2018', '1/4/2019', 3874, 8, 31.47);
INSERT INTO Festivals (Organisation_ID, Festival_ID, Name, Genre, Start_Date, End_Date, Capacity, Score, Price) VALUES (15, 15, 'Mango Blossom', 'Reggae', '1/26/2018', '1/2/2019', 2518, 3, 98.95);
INSERT INTO Festivals (Organisation_ID, Festival_ID, Name, Genre, Start_Date, End_Date, Capacity, Score, Price) VALUES (16, 16, 'Rifampin', 'Reggae', '12/31/2018', '1/2/2019', 4732, 3, 18.64);
INSERT INTO Festivals (Organisation_ID, Festival_ID, Name, Genre, Start_Date, End_Date, Capacity, Score, Price) VALUES (17, 17, 'smart sense sore throat', 'Jazz', '1/28/2018', '1/2/2019', 7907, 5, 34.08);
INSERT INTO Festivals (Organisation_ID, Festival_ID, Name, Genre, Start_Date, End_Date, Capacity, Score, Price) VALUES (18, 18, 'Bupivacaine Hydrochloride', 'House', '2/11/2018', '1/3/2019', 4094, 5, 80.67);
INSERT INTO Festivals (Organisation_ID, Festival_ID, Name, Genre, Start_Date, End_Date, Capacity, Score, Price) VALUES (19, 19, 'PECAN POLLEN', 'House', '8/13/2018', '1/2/2019', 863, 8, 82.06);
INSERT INTO Festivals (Organisation_ID, Festival_ID, Name, Genre, Start_Date, End_Date, Capacity, Score, Price) VALUES (20, 20, 'CYZONE', 'House', '12/28/2018', '1/4/2019', 7942, 3, 19.54);
INSERT INTO Festivals (Organisation_ID, Festival_ID, Name, Genre, Start_Date, End_Date, Capacity, Score, Price) VALUES (21, 21, 'CD DIORSKIN NUDE CREME Nude Glow Creme Gel Compact Makeup Sunscreen Broad Spectrum SPF20 030', 'House', '12/2/2018', '1/3/2019', 4272, 7, 32.93);
INSERT INTO Festivals (Organisation_ID, Festival_ID, Name, Genre, Start_Date, End_Date, Capacity, Score, Price) VALUES (22, 22, 'Ondansetron', 'House', '8/1/2018', '1/3/2019', 288, 8, 10.55);
INSERT INTO Festivals (Organisation_ID, Festival_ID, Name, Genre, Start_Date, End_Date, Capacity, Score, Price) VALUES (23, 23, '1014 Foaming Antimicrobial', 'House', '6/19/2018', '1/4/2019', 6972, 2, 35.72);
INSERT INTO Festivals (Organisation_ID, Festival_ID, Name, Genre, Start_Date, End_Date, Capacity, Score, Price) VALUES (24, 24, 'Plavix', 'Jazz', '2/6/2018', '1/4/2019', 4906, 4, 8.34);
INSERT INTO Festivals (Organisation_ID, Festival_ID, Name, Genre, Start_Date, End_Date, Capacity, Score, Price) VALUES (25, 25, 'Treatment Set TS349631', 'Reggae', '4/8/2018', '1/3/2019', 7513, 8, 21.41);
INSERT INTO Festivals (Organisation_ID, Festival_ID, Name, Genre, Start_Date, End_Date, Capacity, Score, Price) VALUES (26, 26, 'Regular Strength Pain Relief', 'House', '11/29/2018', '1/3/2019', 6514, 8, 76.05);
INSERT INTO Festivals (Organisation_ID, Festival_ID, Name, Genre, Start_Date, End_Date, Capacity, Score, Price) VALUES (27, 27, 'Fosinopril Sodium', 'Reggae', '12/23/2018', '1/3/2019', 9342, 2, 80.82);
INSERT INTO Festivals (Organisation_ID, Festival_ID, Name, Genre, Start_Date, End_Date, Capacity, Score, Price) VALUES (28, 28, 'Ciprofloxacin Hydrochloride', 'Reggae', '2/8/2018', '1/3/2019', 2405, 2, 39.47);
INSERT INTO Festivals (Organisation_ID, Festival_ID, Name, Genre, Start_Date, End_Date, Capacity, Score, Price) VALUES (29, 29, 'Neutrogena Shine Control Makeup', 'Jazz', '10/26/2018', '1/2/2019', 5328, 5, 70.55);
INSERT INTO Festivals (Organisation_ID, Festival_ID, Name, Genre, Start_Date, End_Date, Capacity, Score, Price) VALUES (30, 30, 'Topcare All Day Pain Relief', 'Jazz', '10/16/2018', '1/3/2019', 3888, 9, 31.3);
INSERT INTO Festivals (Organisation_ID, Festival_ID, Name, Genre, Start_Date, End_Date, Capacity, Score, Price) VALUES (31, 31, 'Baby Eczema Moisturizing', 'Jazz', '12/10/2018', '1/3/2019', 8450, 2, 94.19);
INSERT INTO Festivals (Organisation_ID, Festival_ID, Name, Genre, Start_Date, End_Date, Capacity, Score, Price) VALUES (32, 32, 'Hydrogen Peroxide', 'Jazz', '7/6/2018', '1/3/2019', 3427, 3, 55.86);
INSERT INTO Festivals (Organisation_ID, Festival_ID, Name, Genre, Start_Date, End_Date, Capacity, Score, Price) VALUES (33, 33, 'Bio Gentian', 'Reggae', '11/20/2018', '1/4/2019', 5758, 4, 97.59);
INSERT INTO Festivals (Organisation_ID, Festival_ID, Name, Genre, Start_Date, End_Date, Capacity, Score, Price) VALUES (34, 34, 'OXYGEN', 'Reggae', '9/29/2018', '1/4/2019', 6347, 3, 86.27);
INSERT INTO Festivals (Organisation_ID, Festival_ID, Name, Genre, Start_Date, End_Date, Capacity, Score, Price) VALUES (35, 35, 'Folic Acid', 'Reggae', '1/16/2018', '1/4/2019', 7278, 2, 30.21);
INSERT INTO Festivals (Organisation_ID, Festival_ID, Name, Genre, Start_Date, End_Date, Capacity, Score, Price) VALUES (36, 36, 'Good Mood Enhancer', 'House', '5/15/2018', '1/2/2019', 2704, 1, 91.98);
INSERT INTO Festivals (Organisation_ID, Festival_ID, Name, Genre, Start_Date, End_Date, Capacity, Score, Price) VALUES (37, 37, 'ZOLPIDEM TARTRATE', 'Jazz', '8/15/2018', '1/4/2019', 8400, 10, 8.04);
INSERT INTO Festivals (Organisation_ID, Festival_ID, Name, Genre, Start_Date, End_Date, Capacity, Score, Price) VALUES (38, 38, 'Diltiazem Hydrochloride', 'House', '5/6/2018', '1/3/2019', 6422, 7, 15.45);
INSERT INTO Festivals (Organisation_ID, Festival_ID, Name, Genre, Start_Date, End_Date, Capacity, Score, Price) VALUES (39, 39, 'ComfortCaine', 'Jazz', '6/14/2018', '1/2/2019', 4383, 6, 50.51);
INSERT INTO Festivals (Organisation_ID, Festival_ID, Name, Genre, Start_Date, End_Date, Capacity, Score, Price) VALUES (40, 40, 'Pure Foam', 'Jazz', '5/6/2018', '1/2/2019', 3589, 10, 38.55);
INSERT INTO Festivals (Organisation_ID, Festival_ID, Name, Genre, Start_Date, End_Date, Capacity, Score, Price) VALUES (41, 41, 'Premasol - sulfite-free (Amino Acid)', 'Reggae', '2/26/2018', '1/4/2019', 3816, 8, 13.87);
INSERT INTO Festivals (Organisation_ID, Festival_ID, Name, Genre, Start_Date, End_Date, Capacity, Score, Price) VALUES (42, 42, 'Appetite - Craving Control', 'Jazz', '9/10/2018', '1/3/2019', 3065, 4, 95.47);
INSERT INTO Festivals (Organisation_ID, Festival_ID, Name, Genre, Start_Date, End_Date, Capacity, Score, Price) VALUES (43, 43, 'Oxycodone Hydrochloride', 'Reggae', '5/12/2018', '1/3/2019', 1474, 2, 63.52);
INSERT INTO Festivals (Organisation_ID, Festival_ID, Name, Genre, Start_Date, End_Date, Capacity, Score, Price) VALUES (44, 44, 'doxycycline hyclate', 'Reggae', '1/17/2018', '1/4/2019', 8040, 10, 55.92);
INSERT INTO Festivals (Organisation_ID, Festival_ID, Name, Genre, Start_Date, End_Date, Capacity, Score, Price) VALUES (45, 45, 'Fenofibrate', 'Reggae', '9/19/2018', '1/2/2019', 1018, 3, 99.97);
INSERT INTO Festivals (Organisation_ID, Festival_ID, Name, Genre, Start_Date, End_Date, Capacity, Score, Price) VALUES (46, 46, 'Magnesium Citrate', 'House', '6/18/2018', '1/4/2019', 9017, 1, 76.19);
INSERT INTO Festivals (Organisation_ID, Festival_ID, Name, Genre, Start_Date, End_Date, Capacity, Score, Price) VALUES (47, 47, 'Gabapentin', 'Reggae', '6/27/2018', '1/2/2019', 5636, 6, 85.36);
INSERT INTO Festivals (Organisation_ID, Festival_ID, Name, Genre, Start_Date, End_Date, Capacity, Score, Price) VALUES (48, 48, 'good neighbor pharmacy pain relief', 'Reggae', '4/18/2018', '1/4/2019', 4612, 4, 25.39);
INSERT INTO Festivals (Organisation_ID, Festival_ID, Name, Genre, Start_Date, End_Date, Capacity, Score, Price) VALUES (49, 49, 'Hydrocodone Bitartate and Acetaminophen', 'Jazz', '1/21/2018', '1/2/2019', 4972, 9, 21.23);
INSERT INTO Festivals (Organisation_ID, Festival_ID, Name, Genre, Start_Date, End_Date, Capacity, Score, Price) VALUES (50, 50, 'TOPIRAMATE', 'House', '3/14/2018', '1/3/2019', 9652, 8, 55.84);
INSERT INTO Festivals (Organisation_ID, Festival_ID, Name, Genre, Start_Date, End_Date, Capacity, Score, Price) VALUES (51, 51, 'Triple Antibiotic', 'Jazz', '3/8/2018', '1/4/2019', 8839, 2, 64.79);
INSERT INTO Festivals (Organisation_ID, Festival_ID, Name, Genre, Start_Date, End_Date, Capacity, Score, Price) VALUES (52, 52, 'VENLAFAXINE', 'Reggae', '12/23/2018', '1/3/2019', 8223, 2, 71.3);
INSERT INTO Festivals (Organisation_ID, Festival_ID, Name, Genre, Start_Date, End_Date, Capacity, Score, Price) VALUES (53, 53, 'ORIGINAL POWER HYDRO AMPOULE', 'Reggae', '9/6/2018', '1/4/2019', 5210, 6, 92.68);
INSERT INTO Festivals (Organisation_ID, Festival_ID, Name, Genre, Start_Date, End_Date, Capacity, Score, Price) VALUES (54, 54, 'Neutrogena TGel Therapeutic Stubborn Itch', 'Jazz', '12/6/2018', '1/2/2019', 2011, 9, 59.77);
INSERT INTO Festivals (Organisation_ID, Festival_ID, Name, Genre, Start_Date, End_Date, Capacity, Score, Price) VALUES (55, 55, 'Carbaphen Ped CH', 'Jazz', '4/1/2018', '1/4/2019', 1846, 2, 9.45);
INSERT INTO Festivals (Organisation_ID, Festival_ID, Name, Genre, Start_Date, End_Date, Capacity, Score, Price) VALUES (56, 56, 'ASPERGILLUS TERREUS', 'House', '4/26/2018', '1/2/2019', 8701, 4, 17.43);
INSERT INTO Festivals (Organisation_ID, Festival_ID, Name, Genre, Start_Date, End_Date, Capacity, Score, Price) VALUES (57, 57, 'Methotrexate', 'House', '9/15/2018', '1/3/2019', 7132, 6, 30.31);
INSERT INTO Festivals (Organisation_ID, Festival_ID, Name, Genre, Start_Date, End_Date, Capacity, Score, Price) VALUES (58, 58, 'Hydra Intensive Blemish Balm SPF30 PA', 'Jazz', '12/29/2018', '1/3/2019', 319, 8, 22.98);
INSERT INTO Festivals (Organisation_ID, Festival_ID, Name, Genre, Start_Date, End_Date, Capacity, Score, Price) VALUES (59, 59, 'Ropinirole', 'Jazz', '9/15/2018', '1/3/2019', 2711, 6, 52.12);
INSERT INTO Festivals (Organisation_ID, Festival_ID, Name, Genre, Start_Date, End_Date, Capacity, Score, Price) VALUES (60, 60, 'Estradiol / Norethindrone Acetate', 'Jazz', '2/17/2018', '1/4/2019', 6313, 4, 32.16);
INSERT INTO Festivals (Organisation_ID, Festival_ID, Name, Genre, Start_Date, End_Date, Capacity, Score, Price) VALUES (61, 61, 'Isovue-M', 'Jazz', '7/13/2018', '1/3/2019', 6628, 6, 98.85);
INSERT INTO Festivals (Organisation_ID, Festival_ID, Name, Genre, Start_Date, End_Date, Capacity, Score, Price) VALUES (62, 62, 'Aveeno Soothing Bath Treatment', 'House', '11/15/2018', '1/3/2019', 6852, 5, 87.48);
INSERT INTO Festivals (Organisation_ID, Festival_ID, Name, Genre, Start_Date, End_Date, Capacity, Score, Price) VALUES (63, 63, 'bareMinerals Advanced Protection SPF 20 Moisturizer', 'Reggae', '4/26/2018', '1/3/2019', 1530, 6, 73.43);
INSERT INTO Festivals (Organisation_ID, Festival_ID, Name, Genre, Start_Date, End_Date, Capacity, Score, Price) VALUES (64, 64, 'Lidocaine Hydrochloride', 'House', '9/7/2018', '1/4/2019', 4733, 9, 48.42);
INSERT INTO Festivals (Organisation_ID, Festival_ID, Name, Genre, Start_Date, End_Date, Capacity, Score, Price) VALUES (65, 65, 'Sulfamethoxazole and Trimethoprim', 'Reggae', '4/26/2018', '1/2/2019', 4093, 7, 78.72);
INSERT INTO Festivals (Organisation_ID, Festival_ID, Name, Genre, Start_Date, End_Date, Capacity, Score, Price) VALUES (66, 66, 'EROS BODYGLIDE', 'House', '5/16/2018', '1/4/2019', 3380, 10, 90.55);
INSERT INTO Festivals (Organisation_ID, Festival_ID, Name, Genre, Start_Date, End_Date, Capacity, Score, Price) VALUES (67, 67, 'Peptic Relief', 'House', '2/18/2018', '1/2/2019', 2507, 8, 53.0);
INSERT INTO Festivals (Organisation_ID, Festival_ID, Name, Genre, Start_Date, End_Date, Capacity, Score, Price) VALUES (68, 68, 'bacitracin zinc, neomycin sulfate and polymyxin b sulfate', 'Jazz', '9/14/2018', '1/4/2019', 922, 3, 2.78);
INSERT INTO Festivals (Organisation_ID, Festival_ID, Name, Genre, Start_Date, End_Date, Capacity, Score, Price) VALUES (69, 69, 'Suave', 'House', '3/14/2018', '1/3/2019', 4219, 3, 99.69);
INSERT INTO Festivals (Organisation_ID, Festival_ID, Name, Genre, Start_Date, End_Date, Capacity, Score, Price) VALUES (70, 70, 'Clonidine Hydrochloride', 'House', '2/22/2018', '1/4/2019', 9997, 1, 50.05);
INSERT INTO Festivals (Organisation_ID, Festival_ID, Name, Genre, Start_Date, End_Date, Capacity, Score, Price) VALUES (71, 71, 'Pollens - Trees, Oak Mix', 'Jazz', '7/12/2018', '1/2/2019', 9060, 6, 16.34);
INSERT INTO Festivals (Organisation_ID, Festival_ID, Name, Genre, Start_Date, End_Date, Capacity, Score, Price) VALUES (72, 72, 'Etodolac', 'Reggae', '6/10/2018', '1/4/2019', 2219, 7, 45.2);
INSERT INTO Festivals (Organisation_ID, Festival_ID, Name, Genre, Start_Date, End_Date, Capacity, Score, Price) VALUES (73, 73, 'ALPRAZOLAM', 'Jazz', '11/13/2018', '1/3/2019', 3346, 6, 63.22);
INSERT INTO Festivals (Organisation_ID, Festival_ID, Name, Genre, Start_Date, End_Date, Capacity, Score, Price) VALUES (74, 74, 'Chlorpromazine Hydrochloride', 'Reggae', '3/29/2018', '1/3/2019', 6328, 5, 89.65);
INSERT INTO Festivals (Organisation_ID, Festival_ID, Name, Genre, Start_Date, End_Date, Capacity, Score, Price) VALUES (75, 75, 'Neutrogena Ultra Sheer', 'Reggae', '8/7/2018', '1/2/2019', 2939, 6, 13.05);
INSERT INTO Festivals (Organisation_ID, Festival_ID, Name, Genre, Start_Date, End_Date, Capacity, Score, Price) VALUES (76, 76, 'Anti-Bacterial Hand', 'Jazz', '2/27/2018', '1/3/2019', 2733, 6, 11.68);
INSERT INTO Festivals (Organisation_ID, Festival_ID, Name, Genre, Start_Date, End_Date, Capacity, Score, Price) VALUES (77, 77, 'RHEUMATISM LARYNGITIS', 'House', '6/21/2018', '1/3/2019', 8079, 4, 40.34);
INSERT INTO Festivals (Organisation_ID, Festival_ID, Name, Genre, Start_Date, End_Date, Capacity, Score, Price) VALUES (78, 78, 'Morphine Sulfate', 'House', '6/12/2018', '1/2/2019', 4213, 10, 97.06);
INSERT INTO Festivals (Organisation_ID, Festival_ID, Name, Genre, Start_Date, End_Date, Capacity, Score, Price) VALUES (79, 79, 'Bisacodyl', 'Reggae', '3/17/2018', '1/2/2019', 8647, 9, 40.15);
INSERT INTO Festivals (Organisation_ID, Festival_ID, Name, Genre, Start_Date, End_Date, Capacity, Score, Price) VALUES (80, 80, 'CETIRIZINE HYDROCHLORIDE', 'House', '10/19/2018', '1/4/2019', 2346, 3, 5.46);
INSERT INTO Festivals (Organisation_ID, Festival_ID, Name, Genre, Start_Date, End_Date, Capacity, Score, Price) VALUES (81, 81, 'Triple Antibiotic HC', 'Reggae', '3/9/2018', '1/3/2019', 7959, 2, 60.88);
INSERT INTO Festivals (Organisation_ID, Festival_ID, Name, Genre, Start_Date, End_Date, Capacity, Score, Price) VALUES (82, 82, 'GlipizideER', 'Jazz', '2/7/2018', '1/3/2019', 5493, 9, 57.42);
INSERT INTO Festivals (Organisation_ID, Festival_ID, Name, Genre, Start_Date, End_Date, Capacity, Score, Price) VALUES (83, 83, 'Triamcinolone Acetonide', 'Reggae', '12/1/2018', '1/2/2019', 5654, 6, 75.76);
INSERT INTO Festivals (Organisation_ID, Festival_ID, Name, Genre, Start_Date, End_Date, Capacity, Score, Price) VALUES (84, 84, 'Tussin CF', 'Jazz', '7/22/2018', '1/4/2019', 6084, 10, 27.26);
INSERT INTO Festivals (Organisation_ID, Festival_ID, Name, Genre, Start_Date, End_Date, Capacity, Score, Price) VALUES (85, 85, 'Lab1796 Detox Escort', 'House', '9/28/2018', '1/3/2019', 2138, 10, 90.68);
INSERT INTO Festivals (Organisation_ID, Festival_ID, Name, Genre, Start_Date, End_Date, Capacity, Score, Price) VALUES (86, 86, 'KGS', 'Reggae', '3/27/2018', '1/3/2019', 2298, 4, 21.99);
INSERT INTO Festivals (Organisation_ID, Festival_ID, Name, Genre, Start_Date, End_Date, Capacity, Score, Price) VALUES (87, 87, 'Platinum Cichorium', 'Reggae', '1/9/2018', '1/2/2019', 6132, 5, 92.59);
INSERT INTO Festivals (Organisation_ID, Festival_ID, Name, Genre, Start_Date, End_Date, Capacity, Score, Price) VALUES (88, 88, 'Herring', 'House', '1/19/2018', '1/4/2019', 3598, 6, 76.17);
INSERT INTO Festivals (Organisation_ID, Festival_ID, Name, Genre, Start_Date, End_Date, Capacity, Score, Price) VALUES (89, 89, 'Glipizide and Metformin HCl', 'House', '8/27/2018', '1/4/2019', 5633, 6, 16.4);
INSERT INTO Festivals (Organisation_ID, Festival_ID, Name, Genre, Start_Date, End_Date, Capacity, Score, Price) VALUES (90, 90, 'Clindamycin Hydrochloride', 'Reggae', '10/30/2018', '1/2/2019', 5647, 4, 77.05);
INSERT INTO Festivals (Organisation_ID, Festival_ID, Name, Genre, Start_Date, End_Date, Capacity, Score, Price) VALUES (91, 91, 'Cotton', 'Reggae', '12/10/2018', '1/2/2019', 5135, 2, 13.67);
INSERT INTO Festivals (Organisation_ID, Festival_ID, Name, Genre, Start_Date, End_Date, Capacity, Score, Price) VALUES (92, 92, 'Potassium Chloride', 'Jazz', '8/23/2018', '1/2/2019', 5812, 7, 21.66);
INSERT INTO Festivals (Organisation_ID, Festival_ID, Name, Genre, Start_Date, End_Date, Capacity, Score, Price) VALUES (93, 93, 'CVS Fragrance Free Anti-Itch', 'House', '6/13/2018', '1/2/2019', 8594, 3, 28.15);
INSERT INTO Festivals (Organisation_ID, Festival_ID, Name, Genre, Start_Date, End_Date, Capacity, Score, Price) VALUES (94, 94, 'Clopidogrel bisulfate', 'Reggae', '1/28/2018', '1/4/2019', 2696, 9, 50.85);
INSERT INTO Festivals (Organisation_ID, Festival_ID, Name, Genre, Start_Date, End_Date, Capacity, Score, Price) VALUES (95, 95, 'Walgreens Anti-Sagging and Ultra Hydrating Day Cream Broad Spectrum SPF15 Sunscreen', 'House', '7/12/2018', '1/4/2019', 1722, 8, 79.98);
INSERT INTO Festivals (Organisation_ID, Festival_ID, Name, Genre, Start_Date, End_Date, Capacity, Score, Price) VALUES (96, 96, 'Metoclopramide Hydrochloride', 'Jazz', '12/19/2018', '1/2/2019', 1586, 8, 22.96);
INSERT INTO Festivals (Organisation_ID, Festival_ID, Name, Genre, Start_Date, End_Date, Capacity, Score, Price) VALUES (97, 97, 'Spiny Pigweed', 'Reggae', '1/19/2018', '1/2/2019', 7695, 2, 24.73);
INSERT INTO Festivals (Organisation_ID, Festival_ID, Name, Genre, Start_Date, End_Date, Capacity, Score, Price) VALUES (98, 98, 'The Oriental Gyeol Goun Two Way Pact', 'House', '2/21/2018', '1/2/2019', 4071, 4, 60.62);
INSERT INTO Festivals (Organisation_ID, Festival_ID, Name, Genre, Start_Date, End_Date, Capacity, Score, Price) VALUES (99, 99, 'Hay Fever', 'Jazz', '7/12/2018', '1/3/2019', 4953, 2, 75.37);
INSERT INTO Festivals (Organisation_ID, Festival_ID, Name, Genre, Start_Date, End_Date, Capacity, Score, Price) VALUES (100, 100, 'Infants Ibuprofen', 'Jazz', '4/22/2018', '1/4/2019', 2123, 2, 2.04);








--                                                                                           All Data for the first table of the database


INSERT INTO `Stages` (`Stage_ID`,`Location`,`Capacity`) VALUES (1,"SJ",2191),(2,"C",1120),(3,"MG",2591),(4,"Western Australia",2558),(5,"Kansas",2898),(6,"Victoria",2519),(7,"Noord Holland",1744),(8,"Hertfordshire",2428),(9,"Wie",1557),(10,"GA",1880);
INSERT INTO `Stages` (`Stage_ID`,`Location`,`Capacity`) VALUES (11,"Victoria",2265),(12,"Ontario",1878),(13,"MI",1020),(14,"South Island",1406),(15,"Vienna",1617),(16,"Hamburg",2859),(17,"Uttar Pradesh",2101),(18,"WA",1414),(19,"Victoria",2821),(20,"Florida",2072);
INSERT INTO `Stages` (`Stage_ID`,`Location`,`Capacity`) VALUES (21,"łódzkie",1916),(22,"IN",1997),(23,"Wie",1618),(24,"HI",2764),(25,"WA",2935),(26,"NI",1461),(27,"OR",1616),(28,"Louisiana",2646),(29,"Campania",1985),(30,"Maine",1123);
INSERT INTO `Stages` (`Stage_ID`,`Location`,`Capacity`) VALUES (31,"Vienna",2596),(32,"Vienna",1601),(33,"Andhra Pradesh",2837),(34,"L",1517),(35,"Lazio",1746),(36,"Queensland",2428),(37,"WB",2263),(38,"NO",2139),(39,"Alabama",2949),(40,"FC",1760);
INSERT INTO `Stages` (`Stage_ID`,`Location`,`Capacity`) VALUES (41,"Gaz",2752),(42,"HE",1440),(43,"Uttar Pradesh",2421),(44,"Andalucía",1919),(45,"Bavaria",2211),(46,"WP",2369),(47,"BE",1242),(48,"Rajasthan",2271),(49,"NSW",2567),(50,"Hatay",1490);
INSERT INTO `Stages` (`Stage_ID`,`Location`,`Capacity`) VALUES (51,"Manitoba",2506),(52,"Zeeland",1486),(53,"ON",2667),(54,"Saarland",1153),(55,"Diy",2798),(56,"Kano",2941),(57,"Rio de Janeiro",2023),(58,"Hamburg",1316),(59,"LO",2645),(60,"Rajasthan",1604);
INSERT INTO `Stages` (`Stage_ID`,`Location`,`Capacity`) VALUES (61,"North Island",1270),(62,"ON",2306),(63,"BO",2919),(64,"HH",2438),(65,"Sląskie",2832),(66,"VIC",2799),(67,"Tamil Nadu",1936),(68,"SJ",2515),(69,"O",2453),(70,"Stockholms län",2756);
INSERT INTO `Stages` (`Stage_ID`,`Location`,`Capacity`) VALUES (71,"Hesse",1932),(72,"Hamburg",1629),(73,"Colorado",1870),(74,"Hamburg",1782),(75,"Wie",1169),(76,"Vienna",1335),(77,"OV",1906),(78,"Dalarnas län",1170),(79,"Zeeland",1100),(80,"Swiętokrzyskie",1277);
INSERT INTO `Stages` (`Stage_ID`,`Location`,`Capacity`) VALUES (81,"North Island",2154),(82,"Ontario",2964),(83,"Hamburg",2869),(84,"VIC",1355),(85,"San José",2415),(86,"Emilia-Romagna",2082),(87,"Ontario",2754),(88,"Brussels Hoofdstedelijk Gewest",2471),(89,"Luik",1388),(90,"Munster",1725);
INSERT INTO `Stages` (`Stage_ID`,`Location`,`Capacity`) VALUES (91,"CL",1236),(92,"Wie",2584),(93,"Louisiana",1458),(94,"IL",2032),(95,"Ist",1648),(96,"QC",2029),(97,"L",1532),(98,"MP",2431),(99,"New South Wales",1341),(100,"SAR",1965);








--                                                                                           All Data for the first table of the database


INSERT INTO `Facilities` (`Facility_ID`,`Location`,`Facility_Type`,`Capacity`) VALUES (1,"-74.28488, -0.60153","Drinks",487),(2,"20.22061, 42.19416","Entree",221),(3,"-39.57265, 80.72012","EHBO",263),(4,"82.45832, -83.38103","Food",377),(5,"19.42521, -155.77923","Toilet",438),(6,"44.01379, 67.20673","Food",298),(7,"65.90791, -26.38814","Entree",375),(8,"26.39693, -34.08875","Toilet",309),(9,"79.58276, 95.96446","Food",240),(10,"73.62086, -157.57601","Toilet",341);
INSERT INTO `Facilities` (`Facility_ID`,`Location`,`Facility_Type`,`Capacity`) VALUES (11,"-28.29172, 123.52331","Exit",298),(12,"34.96976, 61.51005","EHBO",273),(13,"79.12871, 77.05213","Toilet",306),(14,"-36.49453, -72.83652","Drinks",335),(15,"-63.31658, 119.52168","Entree",344),(16,"72.48273, 118.13586","Toilet",272),(17,"-60.80508, 139.32184","Toilet",483),(18,"51.79691, 171.03699","Toilet",397),(19,"15.0504, 120.11201","Entree",426),(20,"-32.33852, 131.77216","EHBO",366);
INSERT INTO `Facilities` (`Facility_ID`,`Location`,`Facility_Type`,`Capacity`) VALUES (21,"63.56373, 26.94926","Exit",349),(22,"-46.22653, 44.09197","Food",310),(23,"-50.16779, -142.15761","Entree",450),(24,"49.39427, -171.18287","EHBO",328),(25,"-18.81449, 164.57878","EHBO",238),(26,"-69.8138, -131.15151","Drinks",336),(27,"20.84643, 106.9065","Drinks",321),(28,"-3.47238, -133.67404","Entree",271),(29,"66.80906, 16.4989","EHBO",251),(30,"69.12248, 112.94626","Food",363);
INSERT INTO `Facilities` (`Facility_ID`,`Location`,`Facility_Type`,`Capacity`) VALUES (31,"66.52047, -166.56313","EHBO",338),(32,"59.88538, -158.96022","Entree",328),(33,"75.64567, 101.75059","EHBO",214),(34,"-86.7526, 90.91236","Food",434),(35,"-89.80928, -96.62222","Drinks",341),(36,"-7.4023, -177.76709","EHBO",417),(37,"-67.90382, -101.76378","Food",457),(38,"79.81734, 138.26405","Drinks",302),(39,"-5.1421, -50.34884","EHBO",440),(40,"87.08056, -91.2907","Entree",354);
INSERT INTO `Facilities` (`Facility_ID`,`Location`,`Facility_Type`,`Capacity`) VALUES (41,"23.53038, 22.03821","Entree",312),(42,"-72.81629, -29.30228","EHBO",239),(43,"11.56425, -104.03657","Drinks",400),(44,"-35.79895, -5.8208","Food",301),(45,"-62.96328, -162.45217","Drinks",449),(46,"-71.70533, 103.73221","Drinks",406),(47,"3.74295, -20.86585","Exit",407),(48,"40.2138, -165.98525","Exit",369),(49,"32.70398, 56.18569","Drinks",421),(50,"59.28733, 29.04639","Food",284);
INSERT INTO `Facilities` (`Facility_ID`,`Location`,`Facility_Type`,`Capacity`) VALUES (51,"44.65749, -37.0288","Food",301),(52,"-81.46439, -7.46955","Drinks",460),(53,"-76.49751, -169.34859","EHBO",206),(54,"-75.01649, -105.19359","Toilet",433),(55,"-21.39756, 129.5135","Toilet",475),(56,"-75.22158, 21.79329","Exit",479),(57,"61.38515, 177.25559","EHBO",244),(58,"-65.0958, 140.03336","Toilet",443),(59,"-45.15641, -110.73607","Entree",216),(60,"-59.84854, -13.0959","Toilet",481);
INSERT INTO `Facilities` (`Facility_ID`,`Location`,`Facility_Type`,`Capacity`) VALUES (61,"36.85428, -143.08684","Food",422),(62,"50.69754, 44.94834","Toilet",234),(63,"-37.38388, 78.88673","Drinks",401),(64,"66.49303, -125.03683","Food",359),(65,"88.22785, -134.11058","Drinks",434),(66,"-7.01859, 10.36057","Food",225),(67,"-22.6007, 58.03914","Drinks",241),(68,"9.57265, 175.73881","Entree",477),(69,"-7.01697, 5.48804","EHBO",201),(70,"-54.7983, 64.31065","Toilet",398);
INSERT INTO `Facilities` (`Facility_ID`,`Location`,`Facility_Type`,`Capacity`) VALUES (71,"-14.13266, 123.38914","Toilet",304),(72,"59.39583, 137.43673","EHBO",367),(73,"-81.86377, -3.85308","Toilet",403),(74,"-20.80661, -66.39678","EHBO",482),(75,"-22.88961, 25.25454","EHBO",337),(76,"4.76753, -96.41505","Drinks",452),(77,"-68.68267, -42.15398","Drinks",283),(78,"38.04609, 154.3636","Toilet",285),(79,"-31.62083, -10.68788","Drinks",445),(80,"0.89735, -95.93537","Food",302);
INSERT INTO `Facilities` (`Facility_ID`,`Location`,`Facility_Type`,`Capacity`) VALUES (81,"-30.93832, -128.34605","Exit",314),(82,"-18.5604, 144.78627","Food",202),(83,"-59.04288, 73.02679","Exit",354),(84,"29.35359, 5.30184","Drinks",419),(85,"-58.20287, -104.11696","Food",337),(86,"20.33011, -66.51725","EHBO",466),(87,"78.48937, -72.85251","EHBO",443),(88,"81.27921, -148.00782","EHBO",397),(89,"69.98323, -32.50618","Drinks",438),(90,"4.82325, 40.81678","EHBO",495);
INSERT INTO `Facilities` (`Facility_ID`,`Location`,`Facility_Type`,`Capacity`) VALUES (91,"-54.11274, 135.80474","Entree",291),(92,"81.37219, 22.47884","Drinks",270),(93,"9.94809, 56.19728","Drinks",457),(94,"12.57799, 166.24615","EHBO",400),(95,"-70.08323, -67.83356","Entree",307),(96,"-33.85343, 17.91437","Entree",224),(97,"4.92741, 129.27099","Entree",219),(98,"24.15833, -28.71057","Exit",432),(99,"-50.92554, 85.17875","Toilet",401),(100,"43.66713, -65.2055","Entree",393);








--                                                                                           All Data for the first table of the database


INSERT INTO `Users` (`Screen_Name`,`First_Name`,`Last_Name`,`Email`) VALUES ("Conan Leonard","Tara","Buchanan","Suspendisse.tristique@inconsequatenim.org"),("Whoopi Washington","Gisela","Mooney","Morbi@etmagnisdis.org"),("Aquila Morales","Randall","Mills","tortor.at@vulputate.com"),("Benedict Snyder","Boris","Barlow","ac.mattis@gravidamolestiearcu.com"),("Anjolie Fernandez","Cassidy","Foreman","fermentum.arcu@pedemalesuadavel.ca"),("Lois Terry","Shad","Spencer","magnis@Quisquenonummyipsum.co.uk"),("Basia Middleton","Lewis","Hobbs","tellus.imperdiet.non@Seddiam.net"),("Grady Hicks","Cruz","Lopez","eu.erat.semper@dui.edu"),("Aurora Brennan","Ferris","Moses","vel@quamCurabiturvel.ca"),("Aubrey Andrews","Kasimir","Bowman","sodales.Mauris@est.com");
INSERT INTO `Users` (`Screen_Name`,`First_Name`,`Last_Name`,`Email`) VALUES ("Coby Jenkins","Otto","Mcguire","magnis@justo.net"),("Cassady West","Reece","Pennington","Phasellus.fermentum@magna.com"),("Dane Cabrera","Lillian","Fischer","mauris@nec.ca"),("Kiara Lowe","Winter","Goodman","Suspendisse@enim.co.uk"),("Dennis Britt","Eliana","Bryant","tempus.scelerisque.lorem@senectusetnetus.org"),("Beverly Torres","Thor","Bush","interdum@malesuada.ca"),("Illiana Rosa","Quynn","Becker","luctus.ipsum.leo@tellus.net"),("Jade Strong","Alden","Cooley","at@nequeNullamnisl.ca"),("Simone Bradley","Nasim","Baxter","cursus.vestibulum@eratvelpede.com"),("Sage Talley","Hall","Mckenzie","parturient@fermentumrisusat.com");
INSERT INTO `Users` (`Screen_Name`,`First_Name`,`Last_Name`,`Email`) VALUES ("Quon Salas","Dieter","Frost","felis.eget.varius@quispede.net"),("Lee Huffman","Daquan","Martinez","feugiat.metus@Cras.org"),("Noble Le","Desiree","Perry","magna.Cras@risus.org"),("Christopher Kirby","Anthony","Mccall","pede.et@justoPraesentluctus.edu"),("Jamalia Casey","Yuri","Padilla","ante@In.org"),("Janna Newton","Cora","Mcgowan","dictum.placerat@Praesent.co.uk"),("Levi Daugherty","Pamela","Romero","Mauris.vestibulum.neque@idmagnaet.ca"),("Kato Williamson","Akeem","Waters","ut.erat.Sed@parturientmontesnascetur.org"),("Cassady Foreman","Sonia","Reed","egestas@purusgravida.edu"),("Mari Bruce","Clark","Mckinney","feugiat.Sed@acipsumPhasellus.org");
INSERT INTO `Users` (`Screen_Name`,`First_Name`,`Last_Name`,`Email`) VALUES ("Yoshio Yang","Marny","Santiago","justo@Maecenas.ca"),("Dolan George","Nash","Daugherty","dolor.Fusce.mi@Vivamusmolestie.edu"),("Tanek Sweeney","Celeste","Yang","a@acmetus.co.uk"),("Ray Stone","Hu","Banks","Cum.sociis@elementum.com"),("Ezekiel Pollard","Alisa","Watkins","Nullam.velit.dui@pedeCrasvulputate.net"),("Jennifer Emerson","Katell","Rhodes","fringilla.cursus.purus@lacusQuisque.com"),("Dara Willis","Mannix","Randall","tincidunt@AeneanmassaInteger.org"),("Harlan Love","Hilda","Todd","Cum.sociis.natoque@estvitaesodales.net"),("Megan Price","Alexa","Olson","Praesent.interdum.ligula@commodo.ca"),("Whitney Terry","Elton","Collins","odio.Etiam@tortordictum.org");
INSERT INTO `Users` (`Screen_Name`,`First_Name`,`Last_Name`,`Email`) VALUES ("Finn Cobb","Knox","Cruz","eget.odio@velit.net"),("Hu Reilly","Ayanna","Blackburn","rhoncus.Donec.est@orcisem.co.uk"),("Charity Sherman","Chelsea","Levine","interdum.Sed@maurisblanditmattis.net"),("Elvis Bray","Dieter","Santiago","egestas.Sed.pharetra@Sed.com"),("Zephr Fox","Calvin","Meyer","convallis@nuncac.com"),("Rosalyn Slater","Belle","Schmidt","facilisis.Suspendisse@aliquet.edu"),("Ina Edwards","Flavia","Cantrell","ipsum.Donec@tristiquesenectus.edu"),("Abraham Kline","Celeste","Page","metus.Vivamus@dui.ca"),("Wang Patterson","Constance","Kirk","iaculis@velarcuCurabitur.ca"),("Callum Dillard","Leandra","Finch","mattis.Cras.eget@elitfermentumrisus.edu");
INSERT INTO `Users` (`Screen_Name`,`First_Name`,`Last_Name`,`Email`) VALUES ("Karen Cervantes","Sage","Gilliam","Fusce@torquentperconubia.ca"),("Wang Drake","Kibo","Barton","at.pretium@congueturpisIn.com"),("Thomas Benjamin","Aurora","Hinton","ut@Innecorci.edu"),("Jin Pierce","Daria","Hess","erat.Vivamus.nisi@Suspendissenonleo.edu"),("Ivy Thompson","Norman","Reid","ac.risus@amet.org"),("Camilla Robbins","Chester","Maynard","sapien@nonhendrerit.net"),("Joel Wyatt","Harrison","Wiggins","nec.enim@dictumultriciesligula.net"),("Leo Holder","Caesar","Riggs","lobortis.quis.pede@ipsum.org"),("Veda Wynn","Sloane","Alston","cursus.Integer@Fusce.com"),("Marshall Vargas","Allistair","Ward","ad.litora@ante.edu");
INSERT INTO `Users` (`Screen_Name`,`First_Name`,`Last_Name`,`Email`) VALUES ("Garrison Snow","Garrett","Wilkins","non.enim@magnaUt.co.uk"),("Plato Miller","Kennan","Wells","dictum.magna@etrutrumeu.net"),("Jermaine Ryan","Ferdinand","Moon","mattis.Cras@erat.edu"),("Maryam Harrell","Pamela","Rodgers","vitae.nibh.Donec@aliquetliberoInteger.org"),("Beatrice Vaughn","Riley","Mcdowell","ipsum.dolor.sit@Cumsociis.net"),("Edan Little","Pandora","Moss","arcu@velturpisAliquam.com"),("Mikayla Rollins","Raphael","Morse","posuere.at.velit@sapienCrasdolor.co.uk"),("Cameron Weber","Sylvester","Clark","vel.vulputate@uterat.org"),("Medge Oneal","Daryl","Cochran","accumsan@maurisInteger.co.uk"),("Grady Grant","Kameko","Love","vel.mauris@conubia.edu");
INSERT INTO `Users` (`Screen_Name`,`First_Name`,`Last_Name`,`Email`) VALUES ("Davis Glover","Luke","Mckinney","pede.malesuada@maurisidsapien.co.uk"),("Barrett Bolton","Oscar","Kirkland","et.risus@auctorvitaealiquet.org"),("Quentin Mathis","Porter","Melton","Quisque.ac.libero@placeratorci.ca"),("Porter Clements","Ava","Pollard","sociis.natoque.penatibus@porttitor.co.uk"),("Ebony Johnston","Keith","Moran","felis.eget@magnaCrasconvallis.edu"),("Yoshio Coffey","Stewart","Hammond","amet.risus.Donec@nonlaciniaat.com"),("Barrett Macdonald","Blythe","Potter","sem.egestas@nascetur.com"),("Armand Barker","Odessa","Burns","mi.lorem@metuseuerat.org"),("Melyssa Barrera","Marshall","Pacheco","Cras.vulputate.velit@auctor.com"),("Kaden Blake","Valentine","Benton","Aenean.sed.pede@justofaucibuslectus.edu");
INSERT INTO `Users` (`Screen_Name`,`First_Name`,`Last_Name`,`Email`) VALUES ("Neve Guerra","Drake","Lucas","arcu@musProinvel.com"),("Germaine Nieves","Shelly","Pratt","Sed.congue.elit@liberoettristique.net"),("Denise Lindsay","Yvette","Odonnell","feugiat@Etiamvestibulummassa.org"),("Victor Alston","Timon","Lynn","tellus.faucibus.leo@lectus.org"),("Amanda Greer","Acton","Carney","gravida.molestie.arcu@Donectempor.net"),("Athena Ellis","Quintessa","Livingston","fringilla.Donec.feugiat@utodiovel.com"),("Genevieve Dejesus","Hamish","Carr","vulputate.nisi.sem@Nunc.org"),("Hedley Mccarty","Cherokee","Chang","in.cursus@eu.net"),("Rinah Mathews","Denton","Dominguez","diam@aceleifend.ca"),("Adara Mcgowan","Jena","White","at@vulputate.net");
INSERT INTO `Users` (`Screen_Name`,`First_Name`,`Last_Name`,`Email`) VALUES ("Gisela Hebert","Kieran","Sloan","at.lacus.Quisque@In.org"),("Jasper Barrett","Mohammad","Clements","diam@dapibusidblandit.com"),("Maryam Travis","Hammett","Love","vitae.mauris@egetlacus.ca"),("Isabella Knight","Anastasia","Farmer","dolor.sit@ante.co.uk"),("Meredith Moreno","Beverly","Villarreal","Lorem.ipsum@purus.ca"),("Unity Mckay","Dahlia","Henry","imperdiet.dictum@congue.co.uk"),("Ria Johnston","Jerome","Hinton","at@estacfacilisis.ca"),("Clio Barnett","Kirby","Cooley","a@nisisemsemper.net"),("Stephen Eaton","Ray","Cabrera","aliquam.eros.turpis@Quisque.org"),("Illiana Elliott","Garrison","Mejia","penatibus@tristique.ca");








--                                                                                           All Data for the first table of the database


INSERT INTO `Wallets` (`IBAN`,`Payment_Option`,`Amount`) VALUES ("551 55135 78266 677","PayPal","€0,102"),("515 74030 50432 729","Ideal","€0,094"),("548 76245 01260 861","PayPal","€0,113"),("510 65223 13427 440","PayPal","€0,116"),("551 52394 98257 642","Ideal","€0,265"),("544 09923 87027 290","Credit Card","€0,222"),("539 48327 29000 892","Ideal","€0,237"),("547 38060 32049 873","Credit Card","€0,064"),("523 78784 23264 525","PayPal","€0,257"),("521 00231 23806 652","PayPal","€0,204");
INSERT INTO `Wallets` (`IBAN`,`Payment_Option`,`Amount`) VALUES ("557 59189 51626 198","PayPal","€0,089"),("513 20374 78202 700","Ideal","€0,264"),("556 78282 00598 116","PayPal","€0,198"),("542 94571 51481 110","PayPal","€0,104"),("554 52550 11926 756","PayPal","€0,079"),("510 13350 48348 889","PayPal","€0,221"),("514 93496 50965 967","PayPal","€0,004"),("550 40253 74197 009","PayPal","€0,003"),("523 64915 58690 836","Credit Card","€0,193"),("554 96231 14237 148","PayPal","€0,280");
INSERT INTO `Wallets` (`IBAN`,`Payment_Option`,`Amount`) VALUES ("547 02460 30377 377","Ideal","€0,253"),("559 29975 61784 810","Ideal","€0,263"),("530 31520 85138 396","Ideal","€0,129"),("524 11421 74626 679","PayPal","€0,256"),("532 00798 36785 796","Ideal","€0,141"),("547 46767 90243 490","Credit Card","€0,143"),("545 05802 31708 392","PayPal","€0,267"),("551 30497 24377 425","Ideal","€0,229"),("521 43578 95457 641","Credit Card","€0,068"),("521 01710 00878 979","Ideal","€0,091");
INSERT INTO `Wallets` (`IBAN`,`Payment_Option`,`Amount`) VALUES ("552 59046 74727 365","PayPal","€0,273"),("518 15270 73351 662","Credit Card","€0,148"),("541 83867 67181 165","Credit Card","€0,005"),("522 36484 55631 925","PayPal","€0,088"),("557 56200 51203 668","Ideal","€0,260"),("558 46078 81205 533","Credit Card","€0,099"),("554 06144 20880 720","Ideal","€0,268"),("537 48655 07978 701","Credit Card","€0,158"),("550 66336 20950 713","Credit Card","€0,240"),("533 63540 16433 513","Credit Card","€0,293");
INSERT INTO `Wallets` (`IBAN`,`Payment_Option`,`Amount`) VALUES ("549 24478 09928 929","Ideal","€0,021"),("527 12852 45861 172","PayPal","€0,058"),("552 00352 33314 398","Ideal","€0,162"),("541 27835 29796 221","PayPal","€0,183"),("513 19302 91153 558","Ideal","€0,255"),("554 76397 17926 376","Ideal","€0,266"),("558 86823 40744 154","PayPal","€0,296"),("552 77926 30173 016","Credit Card","€0,221"),("510 89913 21259 376","PayPal","€0,109"),("513 38882 26134 788","PayPal","€0,004");
INSERT INTO `Wallets` (`IBAN`,`Payment_Option`,`Amount`) VALUES ("552 64813 49608 923","Ideal","€0,120"),("519 69954 02587 715","PayPal","€0,266"),("512 46347 99953 472","Ideal","€0,073"),("557 11844 44668 099","Credit Card","€0,010"),("534 15311 22510 994","Ideal","€0,143"),("510 19997 54031 680","Ideal","€0,285"),("520 95334 61420 984","PayPal","€0,257"),("535 62113 21621 031","Ideal","€0,194"),("553 67674 04703 973","Ideal","€0,114"),("515 80540 72117 423","Credit Card","€0,200");
INSERT INTO `Wallets` (`IBAN`,`Payment_Option`,`Amount`) VALUES ("533 49857 02782 077","PayPal","€0,028"),("534 78394 94284 047","PayPal","€0,094"),("556 21700 89561 013","Ideal","€0,129"),("514 40996 72398 664","Ideal","€0,159"),("516 63727 27074 165","Credit Card","€0,228"),("514 37779 97583 190","Ideal","€0,216"),("544 48330 10606 074","PayPal","€0,258"),("535 38611 61475 600","PayPal","€0,251"),("533 96701 41974 676","PayPal","€0,138"),("513 27672 85296 582","PayPal","€0,153");
INSERT INTO `Wallets` (`IBAN`,`Payment_Option`,`Amount`) VALUES ("543 61009 22150 330","Ideal","€0,217"),("523 12307 79463 580","Ideal","€0,033"),("546 41832 15102 833","PayPal","€0,048"),("513 23970 64611 080","PayPal","€0,175"),("517 08904 61956 903","Credit Card","€0,281"),("550 90124 25303 146","PayPal","€0,262"),("526 53956 83790 029","PayPal","€0,181"),("514 08186 02229 143","Credit Card","€0,120"),("553 60900 08587 084","Credit Card","€0,197"),("543 35621 35223 589","PayPal","€0,063");
INSERT INTO `Wallets` (`IBAN`,`Payment_Option`,`Amount`) VALUES ("511 09407 21702 358","PayPal","€0,050"),("552 87220 65577 588","Ideal","€0,006"),("542 98996 06713 789","Ideal","€0,053"),("541 95690 68561 495","Ideal","€0,230"),("524 52631 65094 895","Ideal","€0,119"),("533 47817 52535 949","PayPal","€0,199"),("545 15511 62267 988","Ideal","€0,101"),("555 31465 37833 767","PayPal","€0,194"),("536 56392 92085 878","Credit Card","€0,071"),("525 64587 80215 919","PayPal","€0,291");
INSERT INTO `Wallets` (`IBAN`,`Payment_Option`,`Amount`) VALUES ("555 67514 10095 728","Ideal","€0,147"),("547 19830 07490 135","Credit Card","€0,103"),("552 61624 93493 029","Credit Card","€0,040"),("536 09002 54046 679","Credit Card","€0,029"),("520 68286 08293 507","PayPal","€0,125"),("552 06513 50285 367","PayPal","€0,063"),("542 68277 19507 254","Credit Card","€0,023"),("521 93750 82163 207","PayPal","€0,140"),("536 71741 85615 167","Ideal","€0,070"),("553 36243 77659 679","Credit Card","€0,135");








--                                                                                           All Data for the first table of the database


INSERT INTO `UserLocations` (`User_Location_ID`,`Location`,`Time`) VALUES (1,"-71.82316, 51.35606","09:03:31"),(2,"-4.53115, 85.68494","01:23:40"),(3,"32.45958, -158.12919","02:29:29"),(4,"-57.01578, -42.30366","13:56:37"),(5,"-61.16034, 35.45331","23:17:56"),(6,"-52.85493, -82.13668","06:35:21"),(7,"-84.32936, 163.79894","10:53:46"),(8,"41.74568, 36.85217","21:27:53"),(9,"3.75854, 153.32315","07:14:30"),(10,"38.26034, 81.44761","03:10:16");
INSERT INTO `UserLocations` (`User_Location_ID`,`Location`,`Time`) VALUES (11,"17.37956, -46.50341","13:43:36"),(12,"-56.12518, 26.84615","01:40:58"),(13,"85.87129, 45.46409","11:05:46"),(14,"66.39798, 17.33833","20:52:57"),(15,"-64.96719, -164.94821","13:54:52"),(16,"-12.69939, -150.46927","06:47:54"),(17,"39.50549, -112.37036","06:24:42"),(18,"-27.85489, -148.1117","23:15:57"),(19,"-71.89282, -35.26743","20:33:39"),(20,"14.71588, 1.94264","08:35:23");
INSERT INTO `UserLocations` (`User_Location_ID`,`Location`,`Time`) VALUES (21,"82.3219, -120.08811","01:12:52"),(22,"31.28141, -89.87896","17:25:09"),(23,"-65.65687, 113.31357","09:27:47"),(24,"-27.41587, 59.31237","02:55:31"),(25,"-81.62959, 115.99229","22:09:40"),(26,"73.36516, 100.61772","01:43:32"),(27,"-18.41062, 19.58786","13:04:25"),(28,"-41.27589, -173.14273","18:38:34"),(29,"57.36917, 77.85732","17:37:57"),(30,"2.08046, -84.62889","10:17:50");
INSERT INTO `UserLocations` (`User_Location_ID`,`Location`,`Time`) VALUES (31,"-35.30912, 174.32386","15:41:55"),(32,"35.48875, 73.94406","19:33:59"),(33,"-65.47553, -18.0932","02:39:17"),(34,"-86.76703, -73.34969","16:15:17"),(35,"15.2954, -166.07656","23:58:55"),(36,"48.54338, 13.56476","04:57:17"),(37,"86.27909, 72.06908","18:28:10"),(38,"4.69024, -167.10597","18:11:29"),(39,"-87.86265, -107.66867","20:35:49"),(40,"-67.00952, 98.71833","15:54:40");
INSERT INTO `UserLocations` (`User_Location_ID`,`Location`,`Time`) VALUES (41,"89.19194, -170.19654","03:58:09"),(42,"-74.76264, 89.06985","08:46:48"),(43,"39.18553, -96.63617","15:55:23"),(44,"-24.89148, 51.46293","03:44:24"),(45,"74.58376, -107.21117","08:08:31"),(46,"-2.41434, 171.65528","03:17:27"),(47,"38.6769, -55.9463","05:44:47"),(48,"81.29895, 106.50955","06:46:35"),(49,"-48.52374, 62.83956","17:08:25"),(50,"2.78015, 73.19499","11:47:48");
INSERT INTO `UserLocations` (`User_Location_ID`,`Location`,`Time`) VALUES (51,"-63.7158, 63.53029","15:29:10"),(52,"33.4026, 139.40952","18:44:18"),(53,"87.97064, -78.46415","06:53:53"),(54,"-82.92128, -58.45484","06:41:38"),(55,"77.42491, -100.51558","21:32:30"),(56,"81.96815, -140.72528","01:18:51"),(57,"85.06372, -25.47313","18:08:28"),(58,"-12.64888, 114.78983","23:44:50"),(59,"30.88832, 4.5728","15:47:57"),(60,"-56.76394, 111.55884","16:32:30");
INSERT INTO `UserLocations` (`User_Location_ID`,`Location`,`Time`) VALUES (61,"36.12521, -161.94405","16:57:35"),(62,"-57.14288, 70.77124","20:12:52"),(63,"8.30761, 13.24776","08:03:58"),(64,"-70.15198, 97.65754","21:25:49"),(65,"9.06531, 134.62772","07:47:30"),(66,"-72.43677, -160.38299","00:59:43"),(67,"-56.75091, 153.51962","22:10:34"),(68,"-75.30879, -97.14771","20:26:29"),(69,"21.20733, 147.01966","18:56:15"),(70,"87.68087, 92.04893","05:27:47");
INSERT INTO `UserLocations` (`User_Location_ID`,`Location`,`Time`) VALUES (71,"40.9676, 19.3376","08:19:25"),(72,"-5.09587, 9.43531","04:43:22"),(73,"11.61417, 75.39505","07:00:44"),(74,"38.24362, 128.21876","14:34:55"),(75,"36.78, 28.95973","16:34:08"),(76,"-28.90795, 114.27278","02:04:30"),(77,"55.10692, 2.19308","10:04:18"),(78,"40.31325, -154.86371","18:17:44"),(79,"-9.53899, 112.60538","18:38:26"),(80,"-38.29684, -172.21273","19:38:55");
INSERT INTO `UserLocations` (`User_Location_ID`,`Location`,`Time`) VALUES (81,"86.75721, -131.09565","04:53:07"),(82,"-48.46221, 72.00391","18:22:10"),(83,"-58.59917, -64.42428","05:31:22"),(84,"-6.44562, 46.62977","04:59:47"),(85,"-77.44403, 133.55739","04:03:48"),(86,"10.94824, 167.63395","13:28:11"),(87,"33.58247, 69.85316","09:31:12"),(88,"-41.44483, 71.04301","05:49:49"),(89,"-24.61391, -98.31339","00:41:49"),(90,"25.18805, -137.44307","06:38:32");
INSERT INTO `UserLocations` (`User_Location_ID`,`Location`,`Time`) VALUES (91,"-31.79002, -7.2411","02:47:56"),(92,"-55.31059, -154.01763","00:20:11"),(93,"-36.18286, -148.40183","19:23:48"),(94,"-12.28713, -46.41894","18:49:49"),(95,"-16.23563, -52.53104","02:43:26"),(96,"60.69442, 38.57331","14:39:01"),(97,"-68.5142, -30.42873","15:23:35"),(98,"-14.47579, -102.93252","00:57:40"),(99,"24.67913, -73.76522","16:03:29"),(100,"85.4974, 66.10687","21:28:35");








--                                                                                           All Data for the first table of the database


INSERT INTO `Artists` (`Artist_Name`,`Start_Time`,`End_Time`,`Location`) VALUES ("Crawford, Dale Y.","16:45","03:12","-36.61792, 80.75936"),("Avery, Macon U.","23:50","23:25","16.61084, -81.30331"),("Greer, Ginger C.","00:55","13:20","4.19968, -78.95866"),("Foster, Keane K.","22:05","20:37","42.53888, -173.26918"),("Sims, Uriah C.","06:37","19:23","61.02972, 9.98131"),("Porter, Joshua F.","01:11","00:08","-69.12191, 34.67243"),("Ward, Zachary I.","07:27","02:26","-56.52105, -62.25707"),("Hensley, Vernon Y.","12:09","12:49","-68.68984, 6.62557"),("Acosta, Hyatt Y.","11:01","14:13","-57.04164, 25.35259"),("Padilla, Doris F.","06:40","17:10","47.36534, -65.75784");
INSERT INTO `Artists` (`Artist_Name`,`Start_Time`,`End_Time`,`Location`) VALUES ("Horne, Hyacinth C.","15:26","12:15","20.64519, -105.08645"),("Sharp, Connor H.","05:30","21:38","8.0463, 82.8895"),("Peterson, Vaughan Q.","22:34","07:47","65.9852, -134.11543"),("Manning, Eagan T.","13:43","05:56","60.37468, 5.12611"),("Shannon, Herrod V.","18:22","10:19","-69.53121, -150.43205"),("Booth, Kirsten V.","11:44","20:10","-22.00887, 10.99438"),("Adkins, Channing B.","10:03","14:02","63.92661, -72.33963"),("Daugherty, Barry N.","17:41","23:34","36.54699, -16.90505"),("Simmons, Ezra K.","07:51","16:45","-76.41896, -34.07307"),("Duffy, Zachary Z.","18:38","23:42","9.33009, 156.29681");
INSERT INTO `Artists` (`Artist_Name`,`Start_Time`,`End_Time`,`Location`) VALUES ("Wilkerson, Ursula V.","18:06","17:06","45.77934, -21.16534"),("Eaton, Lionel H.","18:50","09:30","-42.23525, 161.4693"),("Hughes, Quinn V.","01:35","14:19","-52.81681, -2.52593"),("Fry, Miranda A.","10:21","07:26","-53.97558, 135.15765"),("Hewitt, Desiree B.","15:21","22:47","0.08554, 8.20968"),("Richard, Dahlia L.","07:07","16:59","54.27816, -77.67418"),("Compton, Iris A.","03:32","10:33","16.98012, 101.12385"),("Rowe, Burke L.","09:57","12:19","-85.47562, -53.09278"),("Donovan, Ella Q.","18:12","07:26","31.00424, -63.48144"),("Wynn, Brynn T.","02:18","20:56","81.67828, 30.62636");
INSERT INTO `Artists` (`Artist_Name`,`Start_Time`,`End_Time`,`Location`) VALUES ("Charles, Martina J.","02:01","09:42","-80.51325, 66.02002"),("Pena, Julie O.","02:05","16:32","84.69588, -28.84044"),("Valdez, Geoffrey O.","00:03","19:15","4.51074, -104.2575"),("Robbins, Ryan Q.","00:53","04:57","27.13649, -25.51904"),("Livingston, Bruce F.","20:45","02:12","-56.29428, -91.18381"),("Phelps, Camille Y.","05:27","16:39","6.56296, -2.8042"),("Faulkner, Lisandra E.","20:04","19:19","-18.07258, -101.61875"),("Hampton, Kameko R.","04:56","19:15","79.97132, 78.2706"),("Berry, Oleg I.","19:53","20:27","30.88947, -74.72839"),("Hess, Cameron E.","01:40","18:01","13.16332, 32.53337");
INSERT INTO `Artists` (`Artist_Name`,`Start_Time`,`End_Time`,`Location`) VALUES ("Campbell, Echo J.","06:55","19:08","40.0712, 123.97394"),("Allison, Dillon K.","14:55","13:29","-83.17086, -149.71863"),("Blevins, Galvin W.","18:41","14:39","-59.33374, -111.70606"),("Bowen, Clarke R.","22:18","22:29","16.55032, -73.32763"),("Strickland, Maxwell B.","08:35","18:51","76.47242, 44.12633"),("Frost, Camden I.","04:44","13:43","43.95493, 92.52334"),("Colon, Kenneth L.","17:58","10:04","2.90965, -37.77326"),("Coleman, Willa Q.","16:39","19:13","15.84122, 144.17922"),("Britt, Maile C.","21:15","00:41","60.25098, -24.0435"),("Rocha, Neil D.","03:15","07:15","41.24631, -21.56376");
INSERT INTO `Artists` (`Artist_Name`,`Start_Time`,`End_Time`,`Location`) VALUES ("Williams, Hakeem V.","01:05","15:55","-40.60085, 49.47978"),("Weeks, Farrah H.","08:53","04:47","-60.25739, -87.2966"),("Hendrix, Brianna A.","19:43","14:57","38.37449, -91.46583"),("Wright, Katell P.","19:08","05:04","-45.68651, -146.85296"),("Patterson, Stacy T.","03:36","03:07","66.07982, 159.57789"),("Branch, Serena P.","11:39","22:53","-59.91241, -117.65591"),("Burgess, Lysandra M.","10:26","17:45","1.52222, 16.79513"),("Doyle, Maris J.","17:13","15:13","7.39905, 89.54871"),("Sims, Francesca R.","15:13","04:33","-53.20031, -158.65775"),("Rocha, George K.","08:09","19:18","0.60241, -5.93995");
INSERT INTO `Artists` (`Artist_Name`,`Start_Time`,`End_Time`,`Location`) VALUES ("Zamora, Cecilia H.","07:30","04:06","-29.21693, 164.66"),("Wade, Kenyon F.","00:50","03:42","-2.09572, 32.10187"),("Humphrey, Hyatt K.","05:22","01:53","-8.94561, 16.09919"),("Day, Kay E.","12:04","05:16","-37.46581, -134.46245"),("Mckinney, Andrew R.","20:37","08:23","-34.08017, 49.45597"),("Gamble, Bianca X.","18:19","07:09","75.3443, 66.12518"),("Jenkins, Scarlett C.","10:30","20:08","-71.07889, -107.94116"),("Battle, Nasim I.","08:51","22:36","-62.75761, 170.4943"),("Hood, Jin B.","23:29","20:13","-20.88082, 165.72242"),("Armstrong, Winter R.","02:40","09:59","-17.07587, -106.79103");
INSERT INTO `Artists` (`Artist_Name`,`Start_Time`,`End_Time`,`Location`) VALUES ("Morris, Daquan V.","06:22","15:54","-61.09048, 31.13612"),("Parks, Orson Y.","03:59","06:59","-87.63701, 39.51298"),("Rogers, Seth R.","18:12","04:05","-76.92422, 78.86246"),("Mosley, Chase C.","02:43","08:08","-12.77606, 102.03626"),("Singleton, Yvette C.","03:30","22:29","5.2019, 25.91721"),("Lawrence, Amanda C.","04:24","05:07","-69.27917, -135.9935"),("Conner, Amela C.","11:32","07:26","-37.46464, 46.58483"),("Alvarado, Malik O.","21:30","01:29","-64.3557, -134.09767"),("Vazquez, Iola C.","01:24","10:11","65.59213, 105.08384"),("Delacruz, Macy R.","10:37","00:43","-37.29395, 18.13092");
INSERT INTO `Artists` (`Artist_Name`,`Start_Time`,`End_Time`,`Location`) VALUES ("Langley, Ignatius S.","07:09","15:27","1.50722, 145.33783"),("Fowler, Fletcher Y.","18:36","14:45","17.27838, 165.57536"),("Valencia, Kirestin C.","07:34","09:41","-31.10069, -154.31231"),("Calhoun, Fletcher E.","20:56","23:12","-38.02535, 81.8836"),("Langley, Carson T.","18:15","12:08","24.94023, 28.82038"),("Fitzgerald, Aretha E.","06:37","15:57","0.36875, 81.09891"),("Little, Brian I.","15:40","04:15","20.60047, 72.32701"),("Hinton, Kennan J.","13:38","22:14","30.72271, 79.11293"),("Boyer, Selma H.","18:42","04:46","7.40095, 38.16291"),("Fowler, Norman S.","07:06","09:34","-74.86404, -33.5897");
INSERT INTO `Artists` (`Artist_Name`,`Start_Time`,`End_Time`,`Location`) VALUES ("Logan, Blake R.","11:55","00:57","-36.83027, 2.34602"),("Williamson, Roary Y.","14:37","03:33","52.24109, -49.66278"),("Pratt, Eugenia V.","02:54","10:01","9.49642, 28.67663"),("Spears, Hall L.","15:36","19:27","51.50038, 173.02534"),("Willis, Xanthus R.","09:13","06:24","-62.5525, 123.05954"),("Medina, Pamela G.","03:35","11:58","-73.68515, 141.40478"),("Logan, Gregory I.","06:17","00:22","21.97368, 113.37877"),("Acosta, Alfonso D.","08:52","09:35","-88.29701, -84.2324"),("Chase, Kylee W.","07:02","09:35","-60.11268, -35.99837"),("Branch, Jerry H.","11:03","13:03","-59.94614, -71.86523");








--                                                                                           All Data for the first table of the database


INSERT INTO `Visits` (`Date`, `Festival_
